Country,Continent,Language,Currency,Visa Type,Work Fields,Available Jobs,Educational Opportunities,Country Culture,Safety,Strategic Benefits,Perks Available,Consular Services,Other Info
Bahamas,North America,English,Bahamian Dollar (pegged to USD),Bahamas Extended Access Travel (BEAT) for work & study,Tourism,"Tourism-related jobs (chefs, waiters, bedding changers, tour guides)",null,"Influenced by American culture, legal system from British law, independent since 1973",null,null,"Close to the US, high safety, vibrant tourist industry, simple visa process",Consular services available in Pakistan,"Population approximately 400,000 with 1 million tourists annually; main university in Nassau; simple and affordable application process with quick approval"
Lithuania,Europe,"Lithuanian, Russian, English",Euro,Work in Lithuania initiative for IT and software,IT and Software,"Python developers, IT and software professionals",null,"Independent since 1990, joined EU in 2004",Top 20 safety ranking,null,"One of the safest countries, strong public internet infrastructure",null,Major in laser technology; cultural depth with historical Muslim ties; incentives for family growth; relocation support with financial aid
Svalbard,Arctic,null,null,"No visa, work permit, or residence permit required","Tourism, Mining, Research","Tourism, mining, ecological research",null,null,null,null,Welcome all with a job and accommodation,null,Extremely cold weather; unique non-restrictive immigration policy; small population; access to remote job opportunities
Malta,Europe,"Maltese, English",Euro (€),"Residency, Nomad Visa, Startup Visa","IT, Gaming, Blockchain, Hospitality","Jobs starting at $1,000; technical roles up to $3,000–$10,000",Affordable universities; family visa options,"Beautiful, tropical, Game of Thrones filming location",High,EU benefits; Blue Card after 3 years,15% flat tax; family-friendly policies,"Honorary consulates in Karachi, Lahore","Digital-friendly, allows family residency; crypto-friendly policies"
Slovenia,Europe,"Slovenian, English",Euro (€),"Jobseeker Visa, Work Visa, Startup Visa","Medical (doctors, nurses), Crafts (pottery, jewelry), Plumbing, Welding","Jobs from €1,200–€6,000",Peaceful universities; affordable living costs,"Green, art-friendly, folklore-rich",High,EU membership; Blue Card after 5 years,Low cost of living,Visa processing through German Embassy,"Corruption-free, easy for skilled workers, welcoming environment"
Portugal,Europe,"Portuguese, English",Euro (€),"Work Visa, D2 Visa, D7 Visa, Job Seeker Visa","Tourism, Farming, IT, Healthcare, English Teaching","Roles in hospitality, tourism, healthcare, teaching",Scholarships and affordable education,"Religious, scenic",Moderate,Strong US ties; tax-free crypto income,Easy visa conversion; many visa categories,Embassy in Islamabad,"Fatima Church, peaceful lifestyle, popular among digital nomads"
Bosnia,Europe,"Bosnian, English",Convertible Mark (BAM),"Tourist Visa, Work Visa","IT, Agriculture, Healthcare, Skilled Labor","Jobs pay BAM 1,600–2,000; roles in farming and healthcare",Historic madrassas; affordable education,"Muslim-majority, scenic",High,Cheapest European country; Azan heard citywide,Low cost of living,Embassy available in Pakistan,Friendly for Muslims; historic endowments; peaceful and affordable
Estonia,Europe,"Estonian, English",Euro (€),"Digital Nomad Visa, E-Residency","IT, Healthcare, Hospitality, Engineering","Salaries of €2,000–€5,000; remote work-friendly",Limited opportunities; smaller institutions,"Peaceful, advanced digital culture",High,Quick visa process; top-notch digital infrastructure,Digital nomad options; no racism,Embassy through Hungary or Portugal,E-residency for business; home of Skype; advanced IT services
Bermuda,North America,English,Bermudian Dollar (1:1 with USD),Digital Nomad Visa,"Remote Work, Finance, Tourism",Remote work only; financial sector dominates,No major education options discussed,"Tropical, small island nation",High,Proximity to US; high banking revenue,5-day visa approval; simple process,Online process only,Expensive; small (21 sq. miles); tax haven; Black Hole for finance
Brazil,South America,Portuguese,Brazilian Real (BRL),Digital Nomad Visa,"Remote Work, IT, Tourism","Freelancers earning $1,500/month; jobs in IT and marketing",Masters and PhDs in English; federal universities with scholarships,"Tropical, vibrant, yoga culture",Moderate,Covers South America; digital nomad visa,"$1500/month or $18,000 in 6 months; affordable living",Embassy in Islamabad,"Low-cost living, large coastline, tropical weather, diverse"
Singapore,Asia,"English, Tamil, Malay, Mandarin",Singapore Dollar (SGD),"Short-term Work Visa (6-month holiday visa for ages 18–25), Professional Visa (min. SGD 30,000/month income), Personalized Employment Pass (PEP; min. SGD 130,000/year salary), Entrepreneur Visa (min. SGD 100,000 investment), Investor Visa, Long-term Work Visa","IT, Tourism, Hospitality, Finance","Seasonal jobs: SGD 2400–3000/month; high-skill roles: over SGD 10,000/month",Short-term training programs; opportunities for professional development,"Highly efficient, multicultural, and technologically advanced society",Extremely safe,Central hub for global businesses; strong international connections,Streamlined visa process; low visa fees (SGD 105–250); no agents needed for applications,Fully digital consular services,Transparent and optimized processes; affordable housing options during peak seasons; seasonal visa options for youth
Spain,Europe,Spanish,Euro (€),"Digital Nomad Visa (requires €2400 monthly income), Non-Lucrative Visa (for retirees), Golden Visa (€500,000 property investment), Startup Visa, Work Visa","IT, Agriculture, Hospitality, Tourism","1.2 million jobs available, including English-speaking roles",Affordable living (€1000–1050/month); high-quality education accessible for remote workers and retirees,"Rich cultural heritage with famous festivals (e.g., La Tomatina), historical landmarks (e.g., Alhambra)",Generally safe; avoid high-crime areas,Entry to Europe; Schengen benefits; strong cultural experience,Low cost of living; tax benefits; easy access to affordable education,English-specific job boards available; Pakistani communities for support,Easy visa options for retirees and professionals; large diaspora for integration; vibrant festivals and tourism
Germany,Europe,"German (required for bachelor's or public-facing roles), English (sufficient for higher education or IT)",Euro (€),"Study Visa (requires blocked account with €10,000–12,000/year), Job Seeker Visa (requires €11,000 for 6 months), Digital Nomad Visa (requires €1300/month income and €194,000 assets), Startup Visa","IT, Engineering, Healthcare, Education","Skilled IT workers earn €52,605/year; many skilled job openings",Free or low-cost education for master’s and PhD; bachelor’s programs in German; world-class research facilities,Highly bureaucratic but efficient system; strong multicultural community; 5.5 million Muslims,"Safe, though cultural adaptation required",Europe’s largest economy; abundant professional opportunities,Subsidized healthcare; child support (€250/month per child); unemployment benefits,"Long processing times, but well-documented; visa system tailored for skilled workers",LGBTQ policies and FKK culture may require adjustment for conservative families; housing shortages; vocational certifications accepted for skilled jobs
France,Europe,French,Euro (€),"- Work Visa (transitions to residency) 
 - French Tech Visa (4-year residence permit for startups and tech professionals, allows family migration, website available in English)","Tourism, IT, Healthcare, Culinary Arts, Islamic Research",10 million jobs,Strong opportunities for Islamic studies; institutes like Mount Arab cater to Islamic history and Arabic studies,"Rich cultural heritage: Eiffel Tower, Louvre Museum, Cannes Film Festival; cities like Marseille, Lyon, and Paris known for their multicultural population and historical landmarks",Safe overall in urban centers; rural areas may experience racism,"High demand for skilled professionals in IT, healthcare, and research fields",Entry-level salaries: €1300–1400/month; IT and data science salaries: €6000–7000/month; family-friendly policies for visas,Honorary consulates in Pakistan; official websites available for application details,Living cost: €1200–1300/month (single); €2200–2400/month (family of 4). Multilingual job opportunities; emphasis on learning French for better integration.
Japan,Asia,"Japanese (essential for workers), limited English for high-skilled roles",Japanese Yen (¥),"- High Skilled Visa (for master’s/PhD holders; allows family migration, including parents and grandparents) 
 - Workers Visa (for various fields including healthcare, elderly care, gardening) 
 - Student Visa (4-year programs) 
 - Free Visa (no fee for Pakistanis; online application available; processed in 48 hours)","IT, Healthcare, Elderly Care, Gardening, Technology","40,000 annual openings under worker visa; high demand for skilled professionals","English programs available for international students; universities cater to various fields, including gaming and martial arts","Unique cultural heritage spanning millennia; focus on gaming, martial arts, festivals, and nature; technologically advanced society with emphasis on discipline and honesty",One of the safest countries in the world,"Rural areas offer free housing for immigrants willing to settle; family-inclusive visa policies (parents, grandparents)",No visa fee for Pakistanis; relocation incentives for rural areas; lower costs compared to global urban centers; free houses in small towns for immigrants,Embassy and consulates in Pakistan; online visa application process (48-hour processing time),Free housing in rural areas for immigrants; affordable living costs; Japan has among the safest urban centers worldwide; family migration supported under most visa types.
Ireland,Europe,"English, Gaelic",Euro (€),"- Retirement Visa (requires €50,000 in savings) 
 - Religious Visa (3-year visa for religious workers, open preaching allowed) 
 - Startup Visa (STEP program, residency for the entire family) 
 - Work Visa (easiest, employer covers immigration, ticket, and insurance) 
 - Investor Visa (€500,000–1.5 million, EU residency and passport for family)","Chefs, Construction, Plumbing, Healthcare, Data Science, Engineering, Nursing","30,000 jobs available; 40,000 work visas issued in 2022","Scholarships for undergraduate, master’s, and PhD students; top institutions like Trinity College Dublin, University College Dublin, and Limerick University offer financial aid",Rich in literature and history; home to famous authors like Oscar Wilde; small and peaceful population; folklore and magical traditions are part of the culture,Extremely safe overall; avoid pubs during weekend nights,"Free housing and grants (up to €92,000) for settling on coastal islands; residency permits for family",Work visa applicants receive employer-sponsored benefits; €900/month stipends for students studying under scholarships,Embassy and consulates in Pakistan,Social welfare for elderly and unemployed family members; employers cover visa-related expenses; high demand for skilled professionals; Ireland actively promotes settlement in rural areas via grants and free housing programs.
Slovenia,Europe,"Slovenian, English",Euro (€),"- Job Seeker Visa (6 months; allows job search on arrival) 
 - Investment Visa (€50,000 minimum for business setup, covers family) 
 - Work Visa (sponsored by employer, includes residency conversion)","Doctors, Nurses, Plumbers, Welders, Handyman, Electricians, Data Science, Construction, IT",High demand for skilled labor,"Small, peaceful universities (e.g., University of Ljubljana, Maribor); scholarships available for some programs","Rich cultural and artistic heritage; focus on folklore, pastries, and peaceful living; English widely spoken; part of the European Union",Extremely safe; known for low corruption,Residency after visa; blue card in 5 years; passport in 10 years,Employer sponsorship covers immigration costs; €600–€700 needed for individual monthly living; low-cost living overall,Visa processed via German embassies; Schengen visa application is possible,Welcoming and family-friendly; greenest capital in Europe; seventh-most powerful passport globally; 1-hour drive to major European countries.
Malaysia,Asia,"Malay, English",Malaysian Ringgit (RM),"- Digital Nomad Visa (requires $2000/month income; $275 application fee, 75% refund if rejected) 
 - Employment Pass (EP1: RM 10,000+, EP2: RM 5,000–10,000, EP3: unskilled labor) 
 - Malaysia My Second Home (MM2H; RM 150,000 investment, covers family)","IT, Digital Marketing, Agriculture, Content Creation, Unskilled Labor","High demand in skilled labor, tech, and remote jobs",Affordable living costs; digital nomad-friendly; internet and utilities at low costs,Islamic culture with peaceful communities; known for pastries and diverse cuisines; affordable living costs; welcoming for families and parents,Very safe; stable political system,No tax on non-Malaysian income under Digital Nomad Visa; long-term residency options,"Refundable visa fee options, low-cost living, MM2H residency for $20,000 investment; employer-sponsored work visas for low-skilled jobs",Embassies and consulates in Pakistan,One of the cheapest Islamic countries for immigration; ideal for remote workers and families; well-developed internet and housing infrastructure.
Greece,Europe,"Greek, English",Euro (€),"- Digital Nomad Visa (requires €3500/month income for an individual, additional €1000 for spouse, €1500 for children) 
 - Golden Visa (€80,000 investment for residency) 
 - Work Visa (requires job offer)","Tourism, Real Estate, Remote Work",Limited jobs in specific sectors,Affordable education for digital nomads; specific programs for tech-savvy individuals,"Scenic beauty with mountains, coastal lines, and UNESCO heritage sites; history-rich culture with diverse festivals; moderately welcoming to immigrants",Safe in cities; potential issues for undocumented immigrants,EU residency with Golden Visa; Schengen access,Affordable cost of living (€1000–1500/month for individuals); digital nomad-friendly policies; high connectivity with Europe,Embassies in Pakistan; guides available for Golden Visa investment options,Racism towards migrants in some areas; family-friendly visas available; better treatment for tourists compared to migrants.
UK,Europe,English,British Pound (£),"- Skilled Worker Visa (5 years, requires job offer; fees ~£700; health surcharge £624/year) 
 - Founders Visa (no job required, for startups) 
 - Creators Visa (for YouTube, Facebook creators, and artists) 
 - Sportsman Visa (for national-level athletes) 
 - Scale-up Visa (for expanding business in the UK) 
 - Seasonal Work Visa (6–8 months for poultry, horticulture, etc.) 
 - Youth Mobility Scheme Visa (for 18–30-year-olds; £250 fee, no job required) 
 - Graduate Work Visa (2–3 years post-study in the UK) 
 - Global Talent Visa (for tech and creative professionals) 
 - High Potential Individual (HPI) Visa (for graduates from top 200 global universities) 
 - Domestic Worker Visa","IT, Cybersecurity, Blockchain, Healthcare, Sports, Content Creation, Agriculture, Startups","Jobs in all major sectors, including high-demand jobs in IT, healthcare, and startups","100+ top universities, including Oxford and Cambridge; 2–3 years of post-study work visas available","Rich in cultural diversity; home to landmarks like the British Library, Oxford University, and Harry Potter Museum; 3 million Muslims; high living costs, especially in London",Generally safe; some areas in London may face high living costs or petty crimes,Global business hub; numerous visa pathways lead to permanent residency (ILR) or citizenship; strong social welfare for professionals,"Access to world-class healthcare (NHS), affordable education; visa fees affordable for various work categories",Embassies and VFS centers in Pakistan,"A visa applicant moved from earning £12,000/year in Pakistan to £85,000/year in the UK under the Global Talent Visa; online application process for most visas reduces reliance on agents or intermediaries; weather often rainy and costly living conditions in metropolitan areas."
USA,North America,English,US Dollar ($),"- A1, A2 Visa (Diplomats and military personnel) 
 - B1/B2 Visa (Tourism, business, medical; income requirement: $5,000–$15,000/year) 
 - C Visa (Transit) 
 - D Visa (Crew members) 
 - E2 Visa (Investor Visa; $50,000 minimum investment) 
 - F1 Visa (Student Visa; annual fees ~$7,000–12,000) 
 - H1B Visa (Skilled workers; green card path takes 5+ years for Pakistanis, 90+ years for Indians) 
 - O1 Visa (Extraordinary ability, e.g., PhDs, athletes) 
 - NIW Visa (National Interest Waiver; for experts in tech, AI, data science, blockchain) 
 - P Visa (Artists, entertainers) 
 - R Visa (Religious workers) 
 - T/U Visa (Human trafficking, victims of crime) 
 - J1 Visa (Exchange visitors, funded programs)","IT, Healthcare, Agriculture, Data Science, Engineering, Media, Sports, Research, Religious Work","Jobs available in tech, healthcare, and agricultural sectors; demand for skilled workers in data science and engineering","1,000+ universities; affordable education options through community colleges ($7,000–$12,000/year); post-study work opportunities (OPT) available for up to 3 years depending on field of study","Melting pot of cultures; iconic landmarks like the Statue of Liberty, Silicon Valley; highly diverse and immigrant-friendly environment",Safe overall; undocumented immigrants face challenges,Visa pathways leading to green cards and citizenship; extensive scholarship opportunities; thriving tech and healthcare industries,"Access to top-tier education; dual-intent visas (O1, L1) allow transitioning to permanent residency; job offers not always required for certain visa types","Consulates in Karachi, Lahore, Islamabad; multiple online resources for visa applications","H1B for skilled workers often has a long green card path; NIW and O1 Visa paths offer quicker routes to green card for experts; affordable living in some states; $10,000 required in account for student visa applicants; major remittance contributor for immigrants."
Madagascar,Africa,"French, Malagasy",Malagasy Ariary (MGA),"- Visa on Arrival (6 weeks to 9 months processing, $40–45 fee) 
 - Marriage Visa (citizenship in 8–10 lakh PKR via marriage)","Agriculture, Import-Export, Textile, Mining","Jobs in agriculture, textile, mining, and biodiversity fields available","Ideal for researchers in marine biology, ecology, environmental science, and botany","Biodiversity haven, labeled the ""8th Continent""; 15,000+ unique plant species; warm tropical weather; French culture influence; 28.9M population, 850,000 Muslims",Very safe in urban and rural areas,Unique business opportunities in agriculture and import-export industries; relaxed residency pathways through marriage,Low-cost living: $600–700/month rent; $10/day for a domestic helper; PKR 70–80K gets a premium lifestyle,No embassy required; visa online and on arrival available,French language is essential for business and social integration; stateless Muslim minorities present in rural areas.
Colombia,South America,"Spanish, English (limited)",Colombian Peso (COP),"- Digital Nomad Visa (requires $900 monthly income, $170–250 fee; valid for 2 years) 
 - Migrant Visa (M; leads to residency after 5 years) 
 - Visitor Visa (B1, B2; for business or tourism) 
 - Startup Visa (for entrepreneurs)","IT, Digital Marketing, Remote Work","Jobs in IT, agriculture, and startups",Affordable living costs; $900/month income requirement for student visa; affordable costs of education and living,Vibrant culture with landmarks like Medellin (best innovative city); Santa Marta and Cartagena known for scenic beauty; known for its transformation since the 1980s,Moderate safety; avoid traveling at night,Residency after 5 years with migrant visa; free visa access to neighboring countries post-residency,Cheap grocery: $10–12/week; low-cost transport: metro ticket ~$0.80; affordable housing: $300–600/month depending on location,Embassy in Islamabad; visa process available entirely online,"Family-friendly visa options; language barrier for English speakers, but Spanish learning improves opportunities; popular for remote workers and startups."
Argentina,South America,Spanish,Argentine Peso (ARS),"- Digital Nomad Visa (6 months; requires $1500–1600/month income; valid for freelancers) 
 - Investor Visa (minimum investment: $200,000) 
 - Permanent Residency (after 3 years of residence)","IT, Tourism, Agriculture, Digital Marketing","Jobs available in cattle farming, tourism, IT, and digital marketing",Affordable education; universities for research and technology; supports remote work and digital nomad programs,"Rich culture with iconic landmarks (Iguazu Falls, Buenos Aires); football is a national obsession; vibrant festivals; globally renowned beef production",Generally safe in urban areas; political instability exists,Pathways to citizenship in 3–5 years; visa-free access to 150+ countries post-citizenship,Affordable living: $300–600/month rent; beef and groceries are among the cheapest globally; culturally welcoming environment,Embassy in Islamabad; visa process available with no complex requirements,Spanish language is critical for communication; healthcare is among the cheapest globally; political unrest exists but rarely affects daily life; offers pathways to explore all of South America.
New Zealand,Oceania,"English, Maori, Sign Language",New Zealand Dollar (NZD),"- Global Impact Visa (for business professionals and entrepreneurs; requires business expertise) 
 - Retirement Visa (investment of $750,000 NZD) 
 - Family Reunion Visa (for parents/relatives of residents) 
 - Visitor Visa (9 months, renewable for 3 months) 
 - Accredited Employer Work Visa (AEW, for professions listed under accredited companies) 
 - Green List Visa (for professions such as AI, IT, healthcare, construction) 
 - Working Holiday Visa (Not available for Pakistanis or Indians) 
 - Digital Nomad Visa (NAZITA) (Not available for Pakistanis)","IT, Agriculture, Construction, Data Science, AI, Healthcare, Truck Driving",High demand in skilled sectors,Top universities with scholarships; Edmund Hillary Fellowship leads directly to Global Impact Visa,"Scenic beauty; filming location for Lord of the Rings; low population (5M); unique cultural heritage; 850,000 Muslims; sheep-to-human ratio is 10:1","Safe, family-friendly",Residency pathways through Global Impact Visa and Green List Visa; peaceful environment and supportive for families,Low living costs: $600–700/month; visa application process is straightforward; family reunion and retirement visas available,Embassy applications via VFS; online visa portals available,French-speaking Muslims from Mauritius are present; employment opportunities for students under certain visas.
Chile,South America,"Spanish, English",Chilean Peso (CLP),"- Religious Visa (for Islamic scholars, Tablighis; 1-year visa for preaching) 
 - Retirement Visa ($1000–1500 monthly passive income; leads to PR) 
 - Student Visa (affordable education) 
 - Startup Chile Program (Government-funded with $30,000 grant for businesses, includes family)","IT, Digital Marketing, AI, Data Science, Healthcare, Civil Engineering, Teaching","Jobs for high-skilled workers in IT, healthcare, data science, and engineering sectors",Affordable universities; Chilean government scholarships (Startup Chile Program); supports tech-focused education,"Scenic beauty; Easter Island, vibrant cities like Santiago; world’s longest country geographically; multicultural influence; only 5,000 Muslims in population of 19M",Safe overall; some earthquake-prone areas,3–5 years to permanent residency via skilled worker and startup pathways,"Low cost of living (~$600–800/month); $30,000 grant for businesses under Startup Chile program; retirement visa converts to PR after 1 year",Embassy services online,"Learning Spanish is essential for integration; Startup Chile includes visa, tickets, and residence expenses for approved applicants; Chile leads in earthquake-resistant construction techniques."
Slovakia,Europe,"Slovak, English",Euro (€),"- National Scholarship Program (10-month fully funded scholarships for master’s and PhD students; includes visa, travel, and accommodation) 
 - Family Reunion Visa (limited Pakistani/Indian applicants due to rare diaspora)","Agriculture, Mining, Arts",Few opportunities for Muslims due to societal barriers,"Fully funded scholarships for master’s and PhD programs for up to 10 months, especially in arts and sciences","Slovakia does not allow mosques; a small Muslim population of 5,000 out of 5.4M; Islamophobia and limited cultural freedom exist",Very safe but socially challenging for Muslims,Scholarship-funded programs enable international students to study for free; family reunion possible with challenges,Low cost of living; scholarship covers all expenses; proximity to Austria and Hungary allows travel opportunities,Embassy services via Austria or nearby European hubs,"Slovakia has restrictive policies for Muslims (e.g., no mosques); applicants must rely on home-prayer arrangements; local language essential for societal integration."
Russia,Europe/Asia,"Russian, English",Russian Ruble (RUB),"- Tourist Visa (90-day validity; available to Pakistanis) 
 - Digital Nomad Visa (44 countries, not available for Pakistanis; includes India, UAE) 
 - Investor Visa (requires business worth $3 million RUB/₹3 Crore PKR; leads to residency and citizenship) 
 - Student Visa (Russian and English programs available)","IT, Engineering, Healthcare, Teaching, Construction, Religious Scholars","Jobs for IT professionals, healthcare workers, and engineers; niche sectors like textiles and handmade goods",Affordable education with 90 fellowships offered by the Russian government; opportunities for master’s and PhD students,"Rich cultural diversity with 14 million Muslims (10% of population); Muslim-majority areas like Chechnya, Dagestan, Ingushetia; vibrant cultural events and low-cost living","Safe overall, with diverse Muslim-friendly regions",3-year investor visa converts to PR; tax-free import-export zones allow significant business growth,Cost of living 81% lower than the US; highly affordable education; Russian train system offers inter-country connectivity across 11 time zones,Embassy in Islamabad; reopened tourist visa services; website support for online applications,Business visas require a partner invitation; skilled workers highly valued; Russia's train system supports regional travel; lucrative for Sialkot-based businesses in textiles and goods.
Paraguay,South America,"Spanish, Guarani",Paraguayan Guarani (PYG),"- Golden Visa (Investment-based; $70,000 total in 10 years for citizenship) 
 - Retirement Visa (requires $1300/month income; leads to PR) 
 - Student Visa (affordable, English programs available in higher degrees)","Agriculture, Forestry, Fisheries, E-commerce, Business","High demand in agriculture, forestry, and fisheries",Affordable education ($60–150/month); top universities; master's and PhD programs offered in Spanish and English,"Rich in resources like fresh water (world’s largest freshwater reserve); vibrant cities; 10,000 Muslims in a population of 6.7 million; halal meat and mosques available",Safe overall; low crime rate,Golden Visa grants PR in 3 years; citizenship in 10 years; visa-free access to 144 countries post-citizenship,Very low cost of living (~$600–700/month); $4500 initial deposit for Golden Visa application; simple process for residency,Embassy in Islamabad; online visa application portals available,Highly affordable farmland; Spanish is essential for integration; opportunities in fisheries and e-commerce for small investments.
Morocco,Africa,"Arabic, French",Moroccan Dirham (MAD),"- E-Visa (Available for those with visas/residency in the US, UK, or Schengen countries) 
 - Marriage Visa (Leads to citizenship in 3–5 years) 
 - Tourist Visa (up to 90 days)","Agriculture, Textiles, Minerals, Tourism","Business-focused, limited job opportunities","Affordable education with programs in arts, agriculture, and textiles","Rich cultural diversity with Berbers, Arabs, Europeans, and Africans; hospitable culture; vibrant cities like Casablanca, Marrakesh; 99% Muslim population",Safe overall; culturally supportive,"E-visa for residents of the US, UK, and Schengen countries; strategic business location with trade agreements allowing access to Europe and the US",Affordable living; residency via marriage; business-friendly policies; robust textile export opportunities,Embassy in Islamabad; consulate in Karachi; online visa application available,Visa access eased for those with foreign residencies; tourism and textiles are key industries; Morocco is not ideal for job seekers or golden visa applicants.
Finland,Europe,"Finnish, English",Euro (€),"- Student Visa (€5,000–15,000/year; scholarships available for master’s programs) 
 - Seasonal Work Visa (€382 fee; 3–9 months duration) 
 - ICT Residence Permit (Direct PR for IT professionals in data science, AI, MLops, DevOps) 
 - Startup Visa (For entrepreneurs, includes PR pathway) 
 - Entrepreneur Visa (2-week processing for residence permit)","IT, Agriculture, Tourism, Hotel Management, Data Science, AI, DevOps",High demand for seasonal workers and IT professionals,"Affordable universities (e.g., Arcadia University, Tampere University); €6000–12,000 annual fees; scholarships for tech and digital programs","Known as the happiest country globally; vibrant sauna and coffee culture; 2 million saunas for 5M population; 187,888 lakes and extensive forestry","Safe overall, family-friendly",ICT jobs provide direct residence permits; PR possible in 4 years; EU residency allows access to Schengen region,Low-cost living (~€600–800/month); free healthcare and education post-PR; strong support for startups,Embassy services available via migri.fi; online portals for applications,"No Digital Nomad Visa or Citizen-by-Investment program; seasonal work visa available for Pakistanis; 2000 permits issued annually, but very few applications from Pakistan."
Canada,North America,"English, French",Canadian Dollar (CAD),"- Express Entry Visa (Points-based; score ≥ 300 for PNP, ≥ 400 for Federal programs; includes Federal Skilled Worker and Trades Program) 
 - Global Talent Stream (Fast-track for IT, healthcare, and engineering professionals) 
 - IEC Visa (Not available for Pakistanis, Indians, and Afghans) 
 - MITACS Internship (Fully funded for undergraduates; graduate fellowships available) 
 - Caregiver Visa (PR pathway for caregivers) 
 - Startup Visa ($200,000 CAD minimum investment) 
 - Atlantic Immigration Program (low requirements for Atlantic provinces) 
 - New Brunswick Settlement Program (direct immigration for foreign workers) 
 - Super Visa (2-year residency for parents of Canadian residents)","IT, Mining, Digital Marketing, Healthcare, Content Creation, Aerospace, Engineering","Jobs in IT, healthcare, engineering, and mining sectors",100+ universities with programs for undergraduates and graduates; MITACS program provides funding and career pathways post-study,Known for multiculturalism; high diversity with 1.7M Muslims and 952 mosques; vibrant cities like Toronto and Vancouver; iconic Niagara Falls and Rockies landscapes,"Safe overall, especially for immigrants","Multiple pathways to PR and citizenship; fast processing under Global Talent Stream, Atlantic Immigration Program, and Startup Visa","High quality of life; free healthcare post-PR; fully funded internships and fellowships under MITACS program; settlement funds ~$3,000 per person required for PR","Embassy services in Islamabad, Karachi, and Lahore; online resources for visa applications available","IEC Visa not available for Pakistanis or Indians; Atlantic Immigration Program supports workers with 2-year degrees or diplomas; MITACS program includes visa, travel, and accommodation; high cost of living in cities mitigated by suburban living."
Australia,Oceania,English,Australian Dollar (AUD),"- Skilled Worker Visa (Subclass 189, 190; requires point-based assessment, 65 points minimum) 
 - Global Talent Visa (For PhDs, engineers, doctors, lawyers) 
 - Working Holiday Visa (Not available for Pakistanis or Indians) 
 - TSS Visa (Temporary Skill Shortage Visa, employer sponsorship required) 
 - Investor Visa (Investment-based PR pathway) 
 - Family Reunion Visa (Direct immigration for family members) 
 - Destination Australia Scholarship Visa (for students)","Healthcare, IT, Agriculture, Construction, Vocational Skills (plumbing, carpentry, electricians), Tourism, Refugee Assistance",8 lakh workers needed annually due to labor shortages,"Over 1,000 scholarships available (e.g., Monash, RTP, AusAid); vocational training supported with direct work visas","Highly diverse population; large geographical area with only 25M population; vibrant cultural landmarks (Sydney Opera House); Muslim population: 831,000; 95,000 Pakistanis","Safe overall, especially for workers",Permanent residency pathways for skilled and sponsored workers; fastest visa processing post-COVID; family-friendly immigration policies,"$10,000 AUD grant for skilled laborers relocating to Western Australia; high salaries for plumbers, carpenters, and vocational workers; affordable housing options",Embassy applications via online systems; numerous immigration consultants and support offices,Easy access to unskilled jobs due to high demand; rural and island immigration incentives; short-term visas supported for labor-intensive industries.
Romania,Europe,"Romanian, English",Romanian Leu (RON),"- Work Permit Visa (€150 fee; 1-month processing; allows work in IT, construction, etc.) 
 - Digital Nomad Visa (€3300/month salary requirement; valid for 1 year) 
 - Tourist Visa (€80 fee; requires €500 bank balance and €50/day) 
 - Cultural/Scientific Visa (€80 fee; for researchers/artists)","IT, Construction, Agriculture, Plumbing","Jobs available in IT, engineering, construction, agriculture, plumbing, mechanics, and general labor","Affordable education for medicine, IT, and mechanics; scholarships available for higher studies","Known for its rich history, proximity to the Black Sea, and cultural diversity; small Muslim population (~1% of 19M); vibrant cities like Bucharest and Transylvania",Moderate; documents frequently checked for immigrants,Low cost of living; potential inclusion in Schengen area in 1-2 years; universal healthcare available,"Companies often provide free accommodation, food, and health insurance; digital nomad visa encourages freelancers",Embassy in Islamabad; online visa application supported,Work permits can be obtained independently without agents; applications facilitated through Romanian recruitment sites like E-jobs and Just Land It.
Italy,Europe,"Italian, English",Euro (€),"- Study Visa (Scholarships available; bachelor’s, master’s, and PhD programs; easy visa process) 
 - Digital Nomad Visa (Upcoming; €2000 monthly income requirement) 
 - Elective Residence Visa (€32,000 minimum bank balance for 1–3 years residency) 
 - One-Euro House Visa (For renovating abandoned homes; costs include deed transfer and renovation fees)","Tourism, IT, Construction, Plumbing, E-sports, Social Media Marketing","Jobs available in tourism, IT, plumbing, and construction","Scholarships for unique programs like game development, e-sports, and social media marketing; affordable education in small towns","Known for its rich history, art, and architecture; diverse population; strong cultural identity; vibrant cities like Rome, Milan, and Venice","Safe overall, but occasional racism reported; improved policies in recent years",Easy pathways to PR; residency via elective residence visa or house renovation programs,Affordable living; opportunities to buy homes and establish residence; cultural attractions; strong AI and tech ecosystem with Pi Campus scholarships,Embassy in Islamabad; online portals for visa application; active Pakistani community for support,Severe labor shortage; many abandoned homes; Pi Campus funds AI startups and fellowships; encourages skilled workers and families to migrate.
Romania,Europe,"Romanian, English",Romanian Leu (RON),"- Work Permit Visa (€150 fee; 1-month processing; allows work in IT, construction, etc.) 
 - Digital Nomad Visa (€3300/month salary requirement; valid for 1 year) 
 - Tourist Visa (€80 fee; requires €500 bank balance and €50/day) 
 - Cultural/Scientific Visa (€80 fee; for researchers/artists)","IT, Construction, Agriculture, Plumbing","Jobs in IT, engineering, construction, agriculture, plumbing, mechanics, and general labor","Affordable education for medicine, IT, and mechanics; scholarships available for higher studies","Known for its rich history, proximity to the Black Sea, and cultural diversity; small Muslim population (~1% of 19M); vibrant cities like Bucharest and Transylvania",Moderate; documents frequently checked for immigrants,Low cost of living; potential inclusion in Schengen area in 1-2 years; universal healthcare available,"Companies often provide free accommodation, food, and health insurance; digital nomad visa encourages freelancers",Embassy in Islamabad; online visa application supported,Work permits can be obtained independently without agents; applications facilitated through Romanian recruitment sites like E-jobs and Just Land It.
Croatia,Europe,"Croatian, English",Croatian Kuna (HRK),"- Tourist Visa (Short-term stay; requires valid travel insurance and proof of funds) 
 - Digital Nomad Visa (€2000/month salary requirement; allows 1-year residence)","Tourism, IT, Hospitality, Agriculture","Jobs in tourism, IT, and agricultural sectors",Affordable education in major cities; scholarships for specific programs like hospitality and tourism,"Scenic coastal cities like Dubrovnik and Split; population of 4M with ~63,000 Muslims; Game of Thrones filmed in Dubrovnik; rich cultural and historical legacy",Safe overall; occasional bias against Muslims reported,Strategic entry into the EU; digital nomad visa encourages remote workers and freelancers,Affordable cost of living (~€800–1200/month); free healthcare with residency; opportunities for hospitality sector jobs,Embassy services in Islamabad; visa services available online,Small Muslim population; limited Pakistani community; Croatia offers significant tourism-focused business opportunities for immigrants.
Luxembourg,Europe,"Luxembourgish, French, German, English",Euro (€),"- Digital Nomad Visa (€2000/month salary requirement; valid for 1 year) 
 - Study Visa (Free or affordable education for bachelor's degrees; €0–€400/year) 
 - Work Visa (Shortage of 3,00,000 workers in HR, finance, tourism, and IT sectors) 
 - Self-Sponsorship Visa (Employment-based or entrepreneurial)","HR, Finance, Tourism, IT, Accounting","Jobs available in HR, tourism, finance, insurance, accounting, legal professions, and travel sectors",Affordable education (€0–€400/year for bachelor's); links to scholarships and universities provided in the summary,"Small, highly developed country; richest GDP per capita globally ($133,590); scenic landscapes, vibrant culture; Muslim population ~20,000","Extremely safe, family-friendly",High-paying jobs; direct PR pathways for skilled workers; strong economy with demand for workers in multiple fields,Universal healthcare; free education; work visa sponsorship common for high-demand fields,Embassy services through Belgian consulate in Pakistan; alternative application via Abu Dhabi or Nepal,"No E-visa available for Luxembourg; online resources like ""Just Arrived"" help immigrants integrate; significant job opportunities in shortage sectors."
Japan,Asia,"Japanese, English",Japanese Yen (¥),"- Specified Skills Visa (SSW; for low-skilled labor in construction, caregiving, agriculture; requires skill test and language certification) 
 - Working Visa (For skilled workers; sponsorship required) 
 - Cultural Visa (For researchers and cultural exchanges)","Construction, Caregiving, Agriculture, Skilled Labor","High demand for construction workers, caregivers, and technical labor; job market shortage for skilled trades",Scholarships for undergraduate and postgraduate degrees; government-funded research fellowships for cultural exchanges,Culturally rich with a deep historical background; strong work ethic; renowned for its technological advancements and culinary arts,"Very safe overall, strict regulations for immigrants",Specified Skills Visa offers PR in certain categories; multiple work sectors for skilled and low-skilled labor,Low-cost living in rural areas; family-friendly visa options; healthcare system highly affordable,"Embassy services in Islamabad, Karachi, Lahore; visa application through consulate supported online",Japan actively recruits from Pakistan under the SSW visa category; opportunities in rural Japan for skill-based labor; language proficiency is critical.
Denmark,Europe,"Danish, English",Danish Krone (DKK),"- Work Visa (No labor certification required; allows employment in shortage fields like IT, HR, and healthcare) 
 - Fast-Track Visa (€690 fee; for skilled workers) 
 - Pay Limit Visa (Requires a job offer with salary ≥ $68,000/year) 
 - Study Visa (Free education with government grants for eligible students)","IT, Construction, Healthcare, HR, Engineering, Skilled Trades","Jobs available in construction, engineering, HR, skilled trades (carpenters, hairdressers, farmers)",Free education for students; funding available for research; government grants €900/month for students aged 18-24,"Known for its equality-focused laws like Jante Law and cultural practices like ""Hygge""; diverse yet small population (~5.8M); small Muslim community (300,000)",Very safe overall; open culture,PR available after 8 years; attractive working conditions; strong emphasis on cultural integration and work-life balance,Free healthcare; financial support for students; child-friendly environment with high quality of life,Embassy services available in Islamabad; applications supported online,"High cost of living, especially in urban areas; strong demand for skilled and unskilled labor; bike-friendly cities with extensive cycling tracks."
Netherlands,Europe,"Dutch, English",Euro (EUR),"- MVV Visa (For long-term stay and work; residence permit conversion required in the Netherlands) 
 - Schengen Visa (Short-term stay; includes European travel) 
 - Caribbean Visa (For nearby islands like Aruba; not valid for European travel) 
 - Skilled Migration Visa (Easiest route for professionals) 
 - Self-Employed Visa (€1,488 fee; for entrepreneurs)","Healthcare, IT, Hospitality, Nursing, Skilled Trades, Education","Jobs in nursing, teaching, hospitality, and skilled trades; ~330,000 jobs listed online; 122 jobs for every 100 workers",Affordable academic fees (€300-314/year for international students); top universities in Amsterdam and The Hague; strong scholarship programs like UNICEF and Grant Finder,"Known for innovation (e.g., WiFi, microscopes), tulip exports, cycling culture (22M bikes for 17M people); ~27,000 Pakistanis, ~480 mosques; rich heritage of Nobel Prize winners and artistic history",Very safe overall; supportive for immigrants,Extensive job opportunities; 30% tax-free rule for new workers for 5 years (apply within 4 months); work permits lead to PR,30% tax relief for workers; low living costs compared to Luxembourg and the U.S.; strong public transport system,Embassy services in Pakistan; online application portals; relocation support,"Unique work visa types, including for spiritual counseling; significant labor shortages; highly bike-friendly cities with a strong focus on sustainable living."
Maldives,Asia,"Maldivian, English",Maldivian Rufiyaa (MVR),"- Visa on Arrival (Free for 30 days; available to Pakistanis, Indians, and Afghans) 
 - Work Visa (311 identified skills in tourism, hospitality, IT, and construction) 
 - Business Visa (5-year PR for registered businesses)","Tourism, Hospitality, IT, Medical, Engineering","Jobs in tourism, hospitality, IT, and medical sectors like nursing and engineering",Affordable education; scholarships for Islamic University and other institutions,100% Muslim population; peaceful and scenic tourist destination; Islamic culture dominates; vibrant tourist hotspot with 25% expats,"Extremely safe, family-friendly",Business-friendly PR pathways via registration; stable job market for foreign workers,Affordable living costs; PR options for business registration; well-developed tourism industry,No embassy needed for Pakistanis; visa on arrival available,Foreigners dominate the hospitality sector; high salaries in resorts; strict adherence to Islamic laws; supports entrepreneurship in tourism and IT industries.
Brunei Darussalam,Asia,"Malay, English",Brunei Dollar (BND),"- Tourist Visa (14 days; requires hotel package, bank statement, or sponsor; free for diplomats) 
 - Work Visa (High demand in IT, teaching, hospitality, and construction) 
 - Business Visa (5-year PR with registered business investment)","IT, Construction, Teaching, Hospitality","Jobs in IT, teaching (English), construction, and hospitality; demand for IT professionals and ESL-certified English teachers","Minimal academic opportunities; focus on employment in IT, construction, and teaching sectors","High GDP per capita ($70,000); small population (460,000) with 25-28% foreign workers; peaceful and stable Islamic country; oil-rich economy; high prevalence of Malay culture",Extremely safe overall,PR via business registration and marriage; strong demand in teaching and IT,Subsidized healthcare and housing; free education for locals; stable employment for skilled workers,"Embassy in Islamabad, E7; online visa applications supported",English teachers in high demand; business-friendly PR policies; tourist visas require sponsorship or hotel package; opportunities in low-skill construction jobs.
Fiji,Oceania,"English, Fijian, Fiji Hindi",Fijian Dollar (FJD),"- Work Visa (Tourism, IT, construction, and agriculture jobs; fee: 475 FJD) 
 - Student Visa ($2500–$3000/year for bachelor's degrees) 
 - Retirement Visa ($1500/month income, $30,000 deposit for PR) 
 - Residence by Investment (~$50,000 investment for 5-year PR)","Tourism, IT, Hospitality, Agriculture, Construction","Jobs in tourism, hospitality, IT, construction, and agriculture; significant opportunities in sugarcane and fisheries sectors","Affordable education; three universities including the University of Fiji; tuition fees ~$15,000/year (cheaper than Australia or New Zealand)","Scenic tropical islands (332 islands in total, with 90% population on 4 islands); multicultural society (6% Muslims); tourism-oriented economy with vibrant local culture",Safe and peaceful environment,PR through work or investment; potential citizenship after 5 years of residence,"Affordable living; work opportunities in agriculture, tourism, and IT; peaceful retirement destination",No embassy in Pakistan; applications processed via Abu Dhabi,Strong ties with South Asian communities; languages like Urdu and Hindi widely understood; offers easy integration for skilled workers and retirees.
UAE,Asia,"Arabic, English",UAE Dirham (AED),"- Employment Visa (Mandatory sponsorship from UAE-based employer) 
 - Golden Visa (5–10 years for investors, PhDs, and highly skilled professionals) 
 - Student Visa (4 years; extendable for graduates) 
 - Freelancer Visa (Freelancers in IT, education, and design; valid for 1 year) 
 - Investor Visa (10-year residency for business investment)","IT, Construction, Healthcare, Real Estate, Tourism","Jobs in construction, IT, healthcare, real estate, and tourism; demand for skilled and unskilled labor",Scholarships and subsidies for international students; top universities in Dubai and Abu Dhabi offering global degrees,"Multicultural society with a population of over 9.2M; majority expats; ~12% Muslim population from South Asia; renowned for its skyscrapers, luxury lifestyle, and diverse job opportunities","Extremely safe overall, especially for expats",Long-term visa options for professionals and investors; strategic location as a business hub; no income tax,Tax-free salaries; advanced infrastructure; abundant job opportunities; strong support for investors and skilled professionals,"Embassy services in Islamabad, Lahore, and Karachi; online visa applications available",Accommodation and transport often covered for skilled workers; lucrative opportunities for business and startups in free zones.
Cyprus,Europe,"Greek, English, Turkish",Euro (€),"- Work Visa (Available for IT, engineering, and other high-demand fields) 
 - Student Visa (Affordable education, scholarships at universities like the University of Nicosia; tuition ~€4000/year) 
 - Investment Visa (€300,000 property investment required for PR; must visit every 2 years) 
 - Freelancer Visa (D Visa for skilled professionals and retirees)","IT, Construction, Tourism, Education","Jobs in IT, engineering, education, and tourism; demand for skilled and semi-skilled workers",Scholarships for blockchain and IT-related programs; low cost of living compared to other European countries; opportunities in Nicosia and Larnaca universities,"Peaceful Mediterranean country with a population of 1.2M; multicultural influences from Greece, Turkey, and the Middle East; small Muslim population (~25,000); 60 mosques present",Very safe overall,"- EU Membership Benefits: Residency grants access to other EU countries for work and travel. 
 - Low Living Costs: Affordable housing, food, and healthcare compared to Western Europe. 
 - Simplified Residency: No need for continuous stay; one trip every two years suffices for PR","- PR allows visa-free or simplified travel within the EU. 
 - Low tax rates for businesses and individuals. 
 - Vibrant tourist economy with opportunities for investment and employment. 
 - Affordable cost of living and accommodation options for expats and students.",Embassy in Abu Dhabi; online visa portal for Pakistani nationals,Hiring for Pakistanis in IT and other fields; visa-free travel possible with certain EU visas; affordable living; tax incentives for foreign workers and retirees.
Saudi Arabia,Asia,"Arabic, English",Saudi Riyal (SAR),"- Employment Visa (Mandatory sponsor required for work in IT, construction, healthcare, and engineering) 
 - Green Card (Premium Residency) (800,000 SAR lifetime or 100,000 SAR annually for temporary PR) 
 - Student Visa (Scholarships in STEM fields at universities like KAUST and KFUPM) 
 - Tourist Visa (Introduced for Umrah and non-religious tourism) 
 - Digital Nomad Visa ($92 fee, valid for 1 year) 
 - Entrepreneur Visa ($267,000+ funding for startups) 
 - Investor Visa ($1.87M+ for large businesses)","IT, Construction, Healthcare, Engineering, Tourism, Education","High demand for ERP specialists, IT professionals, healthcare workers, engineers, data scientists, and skilled trades; strict restrictions on HR, finance, and sales for non-Saudis",Fully funded scholarships in STEM fields at top universities like KAUST and KFUPM; opportunities for innovation and technology development,Islamic nation with deep cultural and religious significance (Makkah and Madinah); large expat population (~14M); modernizing rapidly under Vision 2030 with liberalized social norms,"Safe overall, with strict regulations for residents and expats",Access to Makkah and Madinah for religious obligations; low cost of living for essentials; strategic location for Middle Eastern business growth,Tax-free salaries; affordable living; premium residency options include property ownership and business rights; family visas available but subject to dependent tax (400 SAR/month),"Embassy in Islamabad, Karachi, and Lahore; online portals for visa applications supported",~2.6M Pakistanis and ~4.1M Indians reside in Saudi Arabia; premium residency now includes citizenship opportunities for professionals in certain fields; labor reforms under Vision 2030 improve working conditions and opportunities for skilled expats.
Panama,Latin America,"Spanish, English",Panamanian Balboa (PAB),"- Research Visa (For PhD and master's students, available for 6–9 months; renewable) 
 - Medical Tourism Visa (Low-cost healthcare, full-body checkups for ~$50, includes resort stays) 
 - Digital Nomad Visa ($4000 monthly income requirement; valid for 9 months, renewable) 
 - Permanent Residency by Investment ($300,000 investment or savings deposit) 
 - Retiree Visa ($1000 monthly pension required)","IT, Tourism, Construction, Healthcare","Jobs in tourism, medical sector, and construction; opportunities for digital nomads",Affordable higher education; scholarships available; global medical education options,Tropical climate with diverse flora and fauna; vibrant multicultural society; rich history; popular for medical tourism and low-cost living,"Safe overall, with some crime hotspots in smaller towns",PR pathways via investments or income requirements; access to 130+ countries visa-free with Panamanian passport,"Tax-free foreign income; discounts for retirees (50% on domestic travel, 30% on entertainment); affordable medical care and housing","Consulates available in Dubai, Abu Dhabi, Delhi, Mumbai, and Qatar; no consulate in Pakistan, but applications can be processed via other locations",Family-friendly investment programs; fast residency processing; strong passport offering global mobility; retirees enjoy extensive discounts and tax benefits.
